Mã_Khách_Hàng,Tuổi,Giới_Tính,Mức_Thu_Nhập,Tình_Trạng_Hôn_Nhân,Trình_Độ_Học_Vấn,Nghề_Nghiệp,Khu_Vực,TV_CTKHTT
37-611-6911,22,Female,Middle,Married,Bachelor's,Middle,Ã‰vry,FALSE
29-392-9296,49,Male,High,Married,High School,High,Huocheng,FALSE
84-649-5117,24,Female,Middle,Single,Master's,High,Huzhen,TRUE
48-980-6078,29,Female,Middle,Single,Master's,Middle,WiwilÃ­,TRUE
91-170-9072,33,Female,Middle,Widowed,High School,Middle,Nara,FALSE
82-561-4233,45,Male,Middle,Married,Master's,High,Boro Utara,FALSE
90-144-9193,21,Female,Middle,Divorced,High School,Middle,Liren,FALSE
88-661-4689,39,Male,Middle,Single,High School,Middle,Taocheng,TRUE
37-065-3182,24,Female,High,Divorced,Master's,Middle,GrÃ¥bo,FALSE
84-894-9222,25,Bigender,High,Married,Bachelor's,High,Pryamitsyno,FALSE
44-674-4037,33,Male,Middle,Divorced,Bachelor's,Middle,Punta Gorda,FALSE
78-116-8349,38,Female,High,Widowed,Bachelor's,Middle,GyÅ‘r,FALSE
19-933-8095,34,Male,Middle,Single,Bachelor's,High,Gaosheng,TRUE
80-684-5072,32,Male,High,Married,High School,Middle,Rokytne,TRUE
23-302-7502,30,Female,High,Widowed,High School,High,Alameda,TRUE
90-069-8934,40,Male,High,Divorced,Master's,High,DhankutÄ,TRUE
45-073-7243,37,Male,High,Single,Bachelor's,High,Jindong,TRUE
89-883-2101,38,Female,Middle,Divorced,Bachelor's,High,Ngeru,TRUE
00-477-9449,36,Male,Middle,Widowed,Bachelor's,High,White Rock,TRUE
67-159-7366,29,Female,High,Widowed,Bachelor's,Middle,Monastyrshchina,FALSE
85-691-4293,21,Female,Middle,Widowed,High School,Middle,Pangkalanbunut,FALSE
56-085-0464,36,Female,High,Married,Master's,High,Lederaba,FALSE
33-264-2822,38,Male,High,Divorced,Bachelor's,Middle,Lugo,TRUE
95-478-2650,37,Female,Middle,Single,Bachelor's,Middle,SÃ£o Roque,TRUE
04-349-6759,33,Female,High,Married,Bachelor's,High,BanÄ« KhaddÄsh,FALSE
21-755-8745,37,Male,High,Widowed,High School,High,Montpellier,TRUE
29-625-7057,31,Female,Middle,Single,Master's,Middle,Nesovice,TRUE
58-623-8404,50,Male,High,Single,Master's,High,Pasirhuni,TRUE
56-506-4709,50,Male,Middle,Married,Bachelor's,Middle,Glendale,TRUE
25-839-8670,45,Female,Middle,Widowed,High School,Middle,TÃ¡la,TRUE
89-194-0596,33,Female,High,Married,Bachelor's,Middle,Marseille,FALSE
55-163-1389,24,Male,High,Divorced,Bachelor's,High,Nasielsk,TRUE
28-225-4286,39,Genderfluid,High,Married,Bachelor's,Middle,Paris 06,FALSE
14-305-8712,48,Male,High,Widowed,High School,Middle,Bronnitsy,FALSE
85-738-6864,25,Male,Middle,Married,High School,High,Inayauan,FALSE
17-198-5155,30,Female,High,Single,Bachelor's,High,Qianjin,TRUE
15-354-9904,34,Male,Middle,Single,Bachelor's,High,Bagahanlad,FALSE
35-198-9248,21,Female,Middle,Widowed,High School,Middle,Rzewnie,FALSE
03-950-6074,36,Female,Middle,Married,Master's,Middle,Strabychovo,TRUE
19-999-0134,30,Male,Middle,Widowed,Bachelor's,Middle,Hongqi,TRUE
57-989-1487,46,Female,Middle,Divorced,High School,High,Oeoh,TRUE
07-816-2673,46,Female,Middle,Married,Master's,Middle,Topolâ€™noye,FALSE
70-761-3550,43,Male,High,Widowed,Master's,Middle,KovÃ¡Å™ov,FALSE
38-242-3251,43,Male,High,Divorced,Bachelor's,Middle,Majdal BanÄ« FÄá¸‘il,FALSE
95-525-0842,34,Male,High,Single,Master's,High,Delta del Tigre,FALSE
37-101-4922,42,Female,Middle,Married,Master's,High,Santa Cruz La Laguna,FALSE
37-128-5425,40,Female,High,Widowed,Bachelor's,Middle,Manchester,TRUE
27-439-9545,25,Female,High,Married,Bachelor's,High,NorrkÃ¶ping,TRUE
37-126-7954,38,Male,Middle,Divorced,Bachelor's,High,SoÅ›no,TRUE
82-990-0504,46,Female,Middle,Widowed,Bachelor's,Middle,PÃ©lla,FALSE
21-734-0212,24,Female,Middle,Widowed,High School,High,Namur,TRUE
76-148-9413,43,Non-binary,High,Widowed,Master's,Middle,Benevides,FALSE
53-639-3774,37,Female,Middle,Single,Bachelor's,Middle,Qinghaihu,FALSE
20-817-9584,42,Male,Middle,Widowed,Master's,Middle,AlfeizerÃ£o,TRUE
18-655-3670,29,Male,Middle,Widowed,High School,High,ProstÅ™ednÃ­ BeÄva,FALSE
72-431-5021,35,Female,High,Married,Master's,High,Oeiras,FALSE
07-479-3919,27,Female,Middle,Single,High School,High,KÃ½thnos,FALSE
17-032-6274,40,Female,High,Married,Bachelor's,High,Rizal,TRUE
64-166-9097,34,Female,High,Single,High School,High,Fullerton,FALSE
39-499-3854,25,Female,Middle,Married,Bachelor's,Middle,Huaidao,FALSE
39-636-5871,38,Male,High,Divorced,Bachelor's,High,Bilice,FALSE
71-667-2334,33,Polygender,High,Married,Bachelor's,Middle,Isla Verde,FALSE
35-192-9050,32,Female,Middle,Married,Bachelor's,High,Hunkuyi,TRUE
91-440-0011,50,Female,Middle,Widowed,High School,Middle,Shiree,FALSE
20-830-4758,35,Female,Middle,Widowed,High School,Middle,Strezhevoy,FALSE
84-337-1016,19,Genderfluid,High,Widowed,High School,High,Longxing,FALSE
09-346-4992,46,Bigender,High,Single,Master's,High,JesÃºs MenÃ©ndez,TRUE
75-083-3608,23,Male,Middle,Divorced,Master's,Middle,Hongguang,FALSE
29-779-7209,34,Female,High,Widowed,Master's,High,Pilaya,FALSE
12-409-5166,48,Male,Middle,Divorced,Bachelor's,High,Camp Ithier,FALSE
07-024-4995,27,Bigender,Middle,Widowed,High School,Middle,Holboo,TRUE
74-478-5950,37,Female,Middle,Divorced,Bachelor's,Middle,Luxi,FALSE
31-395-1286,47,Male,High,Married,High School,High,Ostashkov,TRUE
60-838-4334,45,Male,High,Single,Bachelor's,High,Hongshanzui,TRUE
71-197-8227,37,Male,Middle,Divorced,High School,High,Tocoa,TRUE
15-530-3861,36,Male,High,Divorced,High School,High,Bayan Tuohai,FALSE
30-567-4471,34,Male,Middle,Married,Bachelor's,Middle,Parumasan,TRUE
04-465-1819,37,Male,High,Widowed,Master's,Middle,Karpogory,TRUE
69-692-0614,18,Female,Middle,Widowed,Bachelor's,High,ShÄhzÄdpur,TRUE
12-839-8066,20,Male,High,Divorced,Bachelor's,Middle,Muaratiga,FALSE
05-465-8765,27,Female,High,Widowed,High School,Middle,Gjegjan,TRUE
81-580-3810,36,Male,Middle,Married,High School,High,CrÃ©teil,TRUE
74-353-6312,46,Female,Middle,Married,Bachelor's,Middle,Pameungpeuk,FALSE
78-824-1887,26,Male,Middle,Married,High School,Middle,Junshan,TRUE
31-218-0024,21,Female,High,Divorced,High School,Middle,Lewotola,TRUE
15-711-4107,43,Male,High,Married,Bachelor's,High,Laocheng,TRUE
76-672-1193,19,Male,High,Divorced,High School,High,GuacarÃ­,TRUE
46-503-5589,41,Female,High,Widowed,Master's,High,Sancang,TRUE
87-499-6916,48,Male,Middle,Married,High School,Middle,Ndewel,TRUE
30-520-8656,19,Female,Middle,Married,Bachelor's,Middle,San Patricio,TRUE
36-323-3504,29,Male,Middle,Widowed,Master's,High,Fengtai,FALSE
93-810-4051,26,Agender,High,Single,Master's,High,á¸awrÄn ad Daydah,TRUE
66-515-3648,20,Female,Middle,Married,Bachelor's,Middle,Magdalena,FALSE
09-216-1957,31,Female,High,Divorced,Master's,Middle,LeÅ›nica,FALSE
23-253-2565,23,Female,High,Divorced,High School,High,Hinlayagan Ilaud,FALSE
74-509-4985,19,Female,High,Single,High School,Middle,Forshaga,FALSE
05-857-1572,23,Female,Middle,Widowed,Bachelor's,High,Rakszawa,TRUE
26-521-8328,49,Female,Middle,Divorced,Bachelor's,High,Fengjiang,FALSE
31-147-6197,23,Non-binary,High,Divorced,High School,High,Jiangcun,FALSE
90-093-0469,42,Male,Middle,Divorced,Bachelor's,High,ÅŒkuchi,FALSE
38-935-1865,18,Female,High,Widowed,Bachelor's,High,Novoukrainskiy,TRUE
75-953-8663,35,Male,High,Single,Master's,Middle,Acobambilla,FALSE
38-478-2681,22,Male,Middle,Single,Bachelor's,Middle,Kyonju,TRUE
70-895-5298,28,Female,Middle,Married,Master's,High,Pomar,TRUE
02-653-5884,42,Female,High,Married,Bachelor's,Middle,ZalÅ£an,FALSE
11-719-8800,37,Female,Middle,Widowed,Master's,High,TrÃ©lazÃ©,FALSE
59-355-5251,33,Female,Middle,Widowed,High School,High,Messina,TRUE
82-572-9091,46,Female,Middle,Widowed,High School,Middle,MrÄ…gowo,TRUE
86-044-1071,30,Female,Middle,Divorced,Master's,Middle,Ngawi,TRUE
08-733-0300,39,Female,Middle,Widowed,Bachelor's,High,Oslo,FALSE
70-108-1493,25,Female,Middle,Single,High School,High,Dobrica,TRUE
46-230-8307,38,Female,High,Single,Master's,Middle,La Roche-sur-Yon,FALSE
74-431-0242,41,Female,Middle,Widowed,Bachelor's,High,Point Pedro,FALSE
78-272-6417,49,Female,Middle,Divorced,High School,High,Marseille,TRUE
13-792-4356,21,Male,High,Divorced,Bachelor's,Middle,Tianbao,FALSE
04-563-9091,37,Male,Middle,Widowed,Master's,High,Puqian,FALSE
79-592-5396,30,Female,High,Married,Master's,High,Binalbagan,TRUE
39-952-4459,18,Female,High,Divorced,High School,High,Tessalit,FALSE
67-935-7964,41,Female,Middle,Single,High School,High,Nikolayevsk,FALSE
26-828-2720,40,Male,High,Divorced,Master's,High,Dashuipo,TRUE
57-410-7415,33,Female,High,Divorced,Bachelor's,High,TÃ½n nad Vltavou,TRUE
62-989-8214,30,Female,Middle,Divorced,Bachelor's,High,Kaum Kaler,TRUE
73-827-2774,33,Female,High,Married,Bachelor's,High,Gandapura,TRUE
19-643-1879,45,Male,Middle,Divorced,High School,High,Kawangkoan,TRUE
57-345-3921,42,Female,High,Single,High School,Middle,Mondorf-les-Bains,FALSE
98-817-6731,30,Male,High,Married,Bachelor's,Middle,Manwakh,TRUE
31-788-0864,42,Male,Middle,Single,High School,Middle,Karlstad,FALSE
27-806-4972,26,Female,High,Single,Master's,Middle,Obong,FALSE
48-343-1220,42,Female,High,Divorced,High School,High,Kolsko,FALSE
15-640-6493,31,Male,High,Divorced,High School,Middle,DÄlbandÄ«n,TRUE
64-846-7450,37,Genderqueer,High,Divorced,Bachelor's,Middle,Shazi,FALSE
58-788-8938,49,Male,High,Married,High School,Middle,HachiÅji,TRUE
52-240-3825,34,Male,High,Widowed,High School,High,Jolo,FALSE
60-618-2561,41,Male,High,Widowed,High School,Middle,Pedra Azul,TRUE
94-969-6819,33,Male,High,Single,High School,High,Gustavsberg,TRUE
76-982-8107,47,Female,Middle,Widowed,Master's,High,La Mohammedia,TRUE
52-779-8972,47,Male,High,Widowed,High School,High,Florida,TRUE
40-520-3271,29,Female,High,Widowed,High School,High,Zhongcheng,TRUE
79-884-5600,36,Female,High,Widowed,Master's,Middle,Goiatuba,FALSE
80-607-9947,43,Male,High,Divorced,Bachelor's,Middle,Krajan Kidul Rojopolo,FALSE
87-290-8263,31,Male,High,Widowed,High School,High,Metchosin,FALSE
99-316-9993,27,Male,Middle,Widowed,Master's,Middle,Staritsa,TRUE
54-164-2243,48,Male,Middle,Single,High School,Middle,Benito Juarez,TRUE
14-784-5606,19,Genderqueer,High,Single,Bachelor's,High,ManÃ­,FALSE
47-992-7446,41,Male,Middle,Married,Bachelor's,High,Vitali,FALSE
37-513-5073,33,Female,Middle,Married,Master's,High,Mizque,FALSE
93-473-7248,43,Male,Middle,Divorced,Master's,High,Zgornje PirniÄe,TRUE
72-830-1211,38,Male,High,Single,Bachelor's,High,Cipolletti,FALSE
87-934-6762,41,Male,High,Widowed,Bachelor's,Middle,SollefteÃ¥,FALSE
71-975-9564,40,Male,High,Married,Master's,High,Klonowa,TRUE
40-232-5631,47,Genderfluid,Middle,Single,Bachelor's,Middle,Suvorov,FALSE
22-414-4955,35,Male,High,Widowed,Bachelor's,High,Dragash,TRUE
99-089-1930,49,Non-binary,High,Married,Master's,Middle,Freiburg im Breisgau,TRUE
62-198-2511,22,Male,Middle,Divorced,Master's,High,Macau,TRUE
21-297-1223,49,Male,High,Single,Master's,Middle,Pancas,TRUE
10-961-9336,27,Female,Middle,Married,Master's,Middle,Dayapan,FALSE
71-473-2656,27,Female,High,Married,Bachelor's,Middle,Gordon Town,TRUE
84-954-2973,37,Female,High,Single,Master's,Middle,Proptisht,TRUE
22-382-9636,32,Male,Middle,Married,Bachelor's,High,Kamal,TRUE
89-724-2536,42,Male,Middle,Widowed,Master's,High,Kouvola,TRUE
85-391-1888,18,Female,High,Widowed,Master's,Middle,Zhongdong,TRUE
84-934-2483,49,Male,High,Widowed,Master's,Middle,Betong,FALSE
96-229-1698,23,Female,Middle,Widowed,High School,Middle,Jinping,TRUE
36-948-6994,29,Female,High,Divorced,Bachelor's,High,Mgachi,TRUE
43-172-9431,25,Male,Middle,Divorced,High School,Middle,Lameira,TRUE
53-690-5759,38,Agender,High,Divorced,High School,High,Medicine Hat,TRUE
00-496-3067,32,Female,Middle,Widowed,Bachelor's,Middle,Oslo,TRUE
10-330-6387,45,Male,High,Divorced,High School,High,YenikÃ¶y,FALSE
87-590-8963,45,Female,High,Married,Master's,High,Peer,TRUE
47-931-2642,46,Male,Middle,Widowed,Bachelor's,High,BelÅ«sovka,TRUE
76-501-6422,24,Male,Middle,Divorced,High School,Middle,Houston,FALSE
39-274-2175,48,Polygender,High,Divorced,Master's,High,Hengdian,FALSE
62-493-5282,35,Male,High,Widowed,High School,Middle,Shuigou,TRUE
18-841-7253,50,Female,High,Divorced,High School,Middle,Xingxi,FALSE
18-097-5707,34,Male,Middle,Widowed,High School,High,DhÄ«bÄ«n,TRUE
83-792-5141,50,Female,Middle,Single,Bachelor's,Middle,Chengguan,TRUE
65-036-2410,50,Female,Middle,Single,High School,Middle,Paris 09,TRUE
67-593-9579,46,Male,Middle,Single,Bachelor's,High,Rozhdestveno,FALSE
33-484-6674,47,Male,Middle,Single,Master's,Middle,Porangatu,FALSE
65-249-5416,35,Male,High,Widowed,Master's,Middle,Shalkar,TRUE
17-328-4678,27,Male,High,Widowed,Bachelor's,Middle,Quimbaya,FALSE
00-733-8770,37,Female,High,Single,Master's,High,Narok,TRUE
47-501-3435,38,Female,High,Married,Bachelor's,High,Gimcheon,FALSE
46-779-7065,41,Female,High,Divorced,High School,High,Visaginas,FALSE
91-603-1565,48,Male,Middle,Divorced,High School,Middle,Shostka,FALSE
35-122-5020,48,Female,High,Married,Bachelor's,Middle,Pukekohe East,TRUE
63-684-4073,45,Female,High,Divorced,Bachelor's,High,Blokdesa Situgede,FALSE
74-483-2893,26,Non-binary,Middle,Widowed,High School,Middle,Yueyang,TRUE
72-728-4406,50,Female,Middle,Single,Master's,High,Liutan,FALSE
13-588-2488,39,Male,Middle,Widowed,Bachelor's,Middle,Huanggang,FALSE
79-861-6506,20,Male,High,Widowed,High School,High,BaturitÃ©,FALSE
66-974-6707,48,Male,Middle,Married,Master's,Middle,Miâ€™ersi,FALSE
95-112-6724,31,Female,Middle,Divorced,Master's,High,Xuedian,FALSE
27-262-6874,25,Female,Middle,Married,Bachelor's,High,Yuyapichis,TRUE
92-908-5062,18,Agender,Middle,Single,Bachelor's,High,Shiroishi,FALSE
70-014-6406,18,Male,Middle,Divorced,Bachelor's,High,Kobe,TRUE
52-908-9971,31,Male,Middle,Widowed,High School,Middle,Gulou,FALSE
57-623-5362,43,Genderqueer,High,Married,Bachelor's,High,Jilin,TRUE
48-315-0196,23,Male,Middle,Single,High School,Middle,Balboa,FALSE
71-959-3896,29,Male,High,Married,Bachelor's,High,Cipari,TRUE
29-987-3969,21,Female,Middle,Divorced,Master's,Middle,Orlando,TRUE
78-613-1546,49,Female,Middle,Single,High School,Middle,Torsby,TRUE
43-664-4451,30,Female,Middle,Divorced,Master's,Middle,San Pablo,FALSE
34-095-3364,31,Polygender,Middle,Divorced,High School,Middle,Daszewice,TRUE
72-393-6893,50,Female,Middle,Widowed,High School,Middle,Villa ConcepciÃ³n del TÃ­o,TRUE
73-707-2809,35,Female,Middle,Single,Bachelor's,High,Hacienda La Calera,TRUE
04-609-7885,36,Male,Middle,Single,High School,High,Oslo,TRUE
73-139-4306,24,Female,Middle,Married,Master's,High,Puerto LÃ³pez,FALSE
23-794-8196,36,Genderfluid,High,Married,Master's,Middle,Xinchengzi,TRUE
66-050-6391,45,Female,Middle,Single,Master's,High,TecpÃ¡n Guatemala,FALSE
22-311-5460,44,Male,Middle,Widowed,High School,Middle,Bronnitsy,TRUE
51-917-0766,28,Male,High,Married,Master's,High,Araci,FALSE
53-013-1026,40,Male,High,Widowed,Master's,Middle,Duyure,FALSE
29-779-3457,49,Female,Middle,Widowed,Bachelor's,High,Huangni,TRUE
18-047-5540,50,Female,High,Single,Bachelor's,High,Kuala Lumpur,FALSE
89-438-5310,24,Male,High,Divorced,Bachelor's,High,SeleuÅ¡,TRUE
23-985-3535,26,Male,High,Single,Master's,Middle,Monrovia,FALSE
67-939-2463,28,Male,Middle,Divorced,Master's,High,Kristinehamn,TRUE
03-623-6767,48,Female,Middle,Single,High School,High,Huancabamba,FALSE
86-749-6914,47,Male,Middle,Single,High School,High,San JosÃ© Acatempa,TRUE
03-977-8103,25,Male,Middle,Widowed,Bachelor's,Middle,Quebrada Canoa,TRUE
03-827-4021,39,Male,High,Divorced,Bachelor's,Middle,Moate,FALSE
68-507-4747,41,Female,High,Widowed,High School,High,Kubangwaru,FALSE
73-942-8440,37,Male,Middle,Married,Bachelor's,High,ÐœÐ°Ñ€Ð¸Ð½Ð¾,FALSE
21-821-6398,50,Female,Middle,Divorced,Bachelor's,High,Xinquan,FALSE
64-641-7874,33,Female,High,Widowed,High School,High,Providence,FALSE
53-459-7870,50,Agender,High,Divorced,Master's,Middle,Autun,FALSE
36-240-3240,25,Male,Middle,Divorced,High School,Middle,Shilin,FALSE
54-936-4361,34,Agender,High,Single,Bachelor's,High,Paris 17,FALSE
67-209-0990,39,Male,High,Widowed,High School,High,Stoczek Åukowski,TRUE
19-667-0201,41,Male,Middle,Single,Master's,Middle,Ormstown,TRUE
36-274-5269,27,Male,Middle,Married,Master's,High,Ponte,FALSE
09-948-3150,23,Agender,High,Married,Bachelor's,Middle,Boshkengash,FALSE
19-873-9468,37,Male,Middle,Widowed,Bachelor's,Middle,Äáº¡ Táº»h,FALSE
37-748-4988,21,Male,Middle,Married,High School,High,RadÄâ€˜,FALSE
08-755-1170,47,Male,Middle,Single,High School,High,Sinarwangi,TRUE
07-402-7433,42,Agender,Middle,Single,High School,Middle,Dagup,FALSE
60-073-3575,30,Male,Middle,Widowed,Bachelor's,Middle,EÅ‚k,TRUE
97-237-3483,49,Male,Middle,Single,High School,Middle,Moju,FALSE
93-675-1619,28,Female,Middle,Married,Master's,Middle,VÃ­lia,TRUE
43-884-2577,24,Male,Middle,Single,High School,High,Prince Rupert,FALSE
33-200-7615,40,Female,High,Divorced,Bachelor's,Middle,Jiangmen,TRUE
63-631-8261,18,Male,High,Married,Bachelor's,Middle,Alung,TRUE
34-016-7909,42,Male,High,Married,High School,Middle,Osorno,FALSE
82-304-6495,19,Male,High,Married,Master's,High,Labo,FALSE
70-207-6999,36,Female,High,Divorced,High School,Middle,Dakingari,FALSE
71-780-8195,26,Female,High,Widowed,Bachelor's,High,Selasari,FALSE
93-356-8589,35,Female,High,Married,Master's,High,Besko,TRUE
92-142-9480,39,Male,High,Divorced,Master's,Middle,Aubergenville,FALSE
53-042-5685,44,Female,Middle,Widowed,Bachelor's,High,Sula,TRUE
35-853-2222,19,Female,High,Married,Bachelor's,High,Valongo,FALSE
83-670-9273,27,Female,High,Widowed,Master's,High,Al KhÄnkah,TRUE
37-783-6086,26,Female,High,Divorced,Master's,Middle,MÃ©rtola,FALSE
79-902-8144,26,Female,High,Single,Bachelor's,Middle,Rates,FALSE
41-009-7879,27,Female,High,Married,High School,Middle,Anyang,FALSE
89-302-8461,37,Male,Middle,Single,Master's,Middle,Nymburk,FALSE
23-066-1915,23,Female,Middle,Single,Bachelor's,Middle,Jiangcun,TRUE
39-090-0124,31,Bigender,Middle,Single,Bachelor's,High,Tafo,FALSE
41-854-0707,21,Female,Middle,Widowed,Master's,Middle,Cibaregbeg,TRUE
04-352-1558,36,Female,High,Single,Master's,Middle,Wang Yang,FALSE
93-867-8303,21,Female,Middle,Single,Master's,High,Liangnong,FALSE
31-088-6950,27,Female,Middle,Single,Master's,High,Hengshi,TRUE
43-616-8365,29,Female,Middle,Single,Master's,High,Kandangan,TRUE
71-876-9118,24,Male,Middle,Single,High School,Middle,Naranjal,FALSE
18-263-0366,33,Female,Middle,Divorced,Bachelor's,Middle,Abiko,FALSE
25-502-1415,38,Female,High,Married,Master's,Middle,Longhuashan,TRUE
50-000-9588,47,Male,High,Divorced,Master's,High,Zhovkva,TRUE
32-338-5967,32,Male,Middle,Widowed,Bachelor's,High,Lebak,TRUE
19-311-9149,21,Bigender,High,Single,High School,High,Gereshk,FALSE
94-212-7169,23,Female,High,Divorced,High School,High,Yonghe,FALSE
17-246-6194,45,Non-binary,Middle,Divorced,Bachelor's,High,Dabai,TRUE
26-672-1285,24,Genderfluid,Middle,Married,High School,Middle,Moutnice,TRUE
00-265-0556,20,Female,Middle,Widowed,High School,Middle,Qiryat Yam,TRUE
76-397-3294,27,Male,High,Single,Master's,Middle,PiranÃ©,TRUE
43-612-8079,47,Male,High,Divorced,High School,Middle,Colima,TRUE
17-213-2834,34,Male,Middle,Single,High School,Middle,Marshintsy,FALSE
36-214-1586,41,Male,High,Widowed,High School,High,HalinÃ³w,FALSE
32-414-1466,26,Male,High,Widowed,Master's,Middle,Hallsberg,FALSE
12-699-6543,49,Male,Middle,Widowed,Bachelor's,Middle,Celso Ramos,FALSE
83-427-3218,47,Female,Middle,Widowed,High School,Middle,White River,TRUE
61-663-9008,18,Male,Middle,Married,Master's,Middle,Taishihe,TRUE
86-917-7481,48,Female,Middle,Widowed,Master's,High,Shanghu,TRUE
66-086-2306,19,Male,Middle,Single,Bachelor's,Middle,Brandsen,FALSE
43-671-9834,39,Female,Middle,Divorced,High School,High,Ranot,FALSE
90-888-8726,48,Female,High,Divorced,Master's,Middle,Saint-Jouan-des-GuÃ©rets,FALSE
23-085-0811,43,Female,High,Widowed,Master's,High,Daâ€™an,FALSE
85-192-9218,31,Female,High,Divorced,Bachelor's,High,Kisovec,TRUE
82-671-7236,28,Female,Middle,Divorced,Bachelor's,High,Ä€bdÄnÄn,FALSE
42-674-3987,29,Genderqueer,Middle,Married,Master's,High,Dafeng,FALSE
41-934-7739,45,Genderfluid,Middle,Divorced,High School,High,Campo Maior,TRUE
48-825-0400,38,Male,Middle,Single,Master's,High,SÃ¤vedalen,FALSE
30-133-5120,30,Male,Middle,Widowed,Bachelor's,Middle,Brikcha,FALSE
29-827-8515,40,Female,High,Widowed,Bachelor's,High,Xidianzi,FALSE
91-724-4633,45,Male,Middle,Married,High School,High,La UniÃ³n,TRUE
10-328-5732,44,Female,High,Single,High School,Middle,Kliteh,TRUE
38-912-1128,38,Female,Middle,Widowed,High School,Middle,BÃ©ja,FALSE
07-751-9620,23,Polygender,Middle,Widowed,Bachelor's,High,Ferreira do Alentejo,FALSE
81-877-9170,30,Genderqueer,High,Widowed,Bachelor's,High,Gegernoong,FALSE
19-885-2597,42,Male,High,Widowed,Master's,Middle,La MontaÃ±ita,TRUE
82-389-2029,28,Female,High,Widowed,High School,High,SarishÄbÄri,FALSE
97-463-0048,44,Female,Middle,Single,Master's,High,Mangge,FALSE
91-572-6135,45,Male,Middle,Widowed,Bachelor's,Middle,ChabaÅ™ovice,FALSE
10-232-0685,46,Female,High,Married,Master's,Middle,Yangping,FALSE
77-761-7475,28,Female,Middle,Divorced,Bachelor's,High,Berezna,TRUE
78-826-3039,27,Male,High,Single,Master's,High,Vidual,TRUE
86-668-1045,20,Female,High,Single,High School,Middle,Paris 17,TRUE
14-603-9698,40,Male,High,Married,High School,High,Hultsfred,FALSE
23-752-2213,36,Male,Middle,Widowed,Master's,Middle,NÃ­kaia,FALSE
71-486-8561,43,Male,High,Widowed,High School,Middle,Macayug,TRUE
76-382-7162,26,Female,High,Single,High School,Middle,Mahanoro,FALSE
28-947-4295,29,Male,Middle,Widowed,Bachelor's,High,Mozdok,FALSE
84-765-0748,34,Female,Middle,Widowed,High School,High,Hoolt,TRUE
54-207-8349,40,Male,High,Single,Bachelor's,Middle,San Luis,FALSE
20-419-0341,42,Female,High,Married,Bachelor's,Middle,Pergan,FALSE
52-005-9914,28,Male,High,Married,Bachelor's,High,Kanoni,FALSE
34-846-7805,49,Male,High,Single,Bachelor's,High,Gromadka,FALSE
26-596-5461,46,Female,High,Single,Master's,Middle,Payapa,FALSE
20-157-8631,44,Female,High,Divorced,Master's,High,Rat Burana,TRUE
91-199-9097,29,Male,High,Married,High School,Middle,TrhovÃ© Sviny,TRUE
55-846-2579,47,Male,Middle,Divorced,Bachelor's,High,Kiev,FALSE
83-455-7266,37,Female,Middle,Married,Bachelor's,Middle,CrÃ©teil,FALSE
67-599-9267,47,Male,High,Widowed,High School,Middle,Lomintsevskiy,FALSE
41-501-9276,24,Male,High,Married,Bachelor's,High,Monchegorsk,FALSE
99-509-4653,36,Male,High,Widowed,Master's,High,OlavarrÃ­a,FALSE
31-284-5722,36,Female,High,Single,Bachelor's,High,Jianshan,FALSE
88-000-9227,49,Male,Middle,Divorced,Bachelor's,Middle,Shreveport,TRUE
52-726-9328,19,Genderfluid,High,Single,High School,High,Pingzhuang,TRUE
60-198-5417,27,Female,High,Single,Bachelor's,High,Celso Ramos,FALSE
00-107-4749,36,Female,Middle,Single,Master's,Middle,Merlo,TRUE
88-428-8409,37,Male,High,Married,Master's,Middle,ZiniarÃ©,FALSE
21-313-7424,45,Female,Middle,Single,Master's,High,ZduÅ„ska Wola,TRUE
79-973-7862,47,Female,Middle,Married,Master's,Middle,Mount Ayliff,TRUE
81-814-3498,32,Male,Middle,Single,High School,Middle,PÄ«rgaaj,FALSE
34-375-8138,48,Male,Middle,Married,Bachelor's,Middle,Zbraslavice,FALSE
05-067-9686,20,Genderfluid,High,Single,Master's,Middle,Xilu,FALSE
61-951-7929,32,Male,Middle,Divorced,High School,High,Bamut,TRUE
53-667-0793,25,Male,High,Widowed,High School,High,La Tour-du-Pin,TRUE
61-212-1117,42,Male,Middle,Divorced,Bachelor's,Middle,Pader Palwo,TRUE
09-443-7536,37,Female,High,Single,Bachelor's,High,Maurisu,TRUE
27-463-5671,21,Genderfluid,Middle,Widowed,Master's,Middle,Gorzyce,FALSE
53-380-3968,43,Female,High,Widowed,Bachelor's,High,Qingyun,FALSE
42-969-0735,29,Female,High,Divorced,Bachelor's,Middle,Jiuxian,TRUE
12-440-5464,28,Male,Middle,Divorced,Master's,Middle,Ndungu,TRUE
33-467-2534,43,Male,Middle,Widowed,Master's,High,Emiliano Zapata,TRUE
35-418-0288,48,Female,High,Divorced,High School,Middle,Spasskoye,FALSE
33-787-2143,26,Female,Middle,Married,High School,High,GierÅ‚oÅ¼,TRUE
58-528-6262,42,Male,Middle,Married,Master's,High,Sobue,TRUE
31-060-2716,27,Male,Middle,Divorced,Bachelor's,Middle,High Point,FALSE
81-515-5823,40,Female,Middle,Married,Master's,Middle,Qiankeng,TRUE
90-858-0453,23,Male,Middle,Widowed,High School,High,Pandean,TRUE
28-874-8938,46,Male,High,Married,High School,High,Phong Äiá»n,TRUE
89-625-5542,38,Female,Middle,Divorced,Bachelor's,High,MirÃ³w,TRUE
07-966-8728,23,Male,Middle,Married,Master's,High,Franceville,FALSE
94-408-2581,40,Female,Middle,Married,High School,High,Bordeaux,FALSE
55-301-9368,34,Male,High,Married,Master's,High,Zamora,TRUE
72-336-1992,44,Female,Middle,Widowed,Bachelor's,High,Jubaoshan,TRUE
06-008-2805,32,Female,High,Married,Master's,Middle,ShÄdegÄn,TRUE
77-178-6086,42,Female,Middle,Single,Master's,Middle,Gueltat Zemmour,TRUE
28-832-2885,22,Female,High,Divorced,Master's,Middle,Mosalâ€™sk,TRUE
75-210-7391,44,Female,Middle,Married,High School,Middle,Kokstad,TRUE
60-470-3563,29,Male,Middle,Married,Bachelor's,Middle,Malasin,TRUE
24-241-7171,30,Female,High,Single,High School,High,Huaqiu,TRUE
53-784-1855,19,Female,Middle,Divorced,Master's,High,Loket,TRUE
83-561-3374,45,Female,High,Widowed,Master's,Middle,Santa Maria do Souto,FALSE
96-121-0629,38,Male,Middle,Married,Bachelor's,Middle,Yanshang,FALSE
00-275-9990,24,Female,Middle,Married,Bachelor's,Middle,Tempuran,TRUE
36-593-2907,42,Genderqueer,High,Single,Bachelor's,High,Karafao,FALSE
22-692-3470,46,Female,High,Widowed,High School,High,SÃ£o CristÃ³vÃ£o,FALSE
90-322-7329,44,Female,High,Widowed,High School,Middle,Buensuseso,TRUE
28-395-9872,38,Male,High,Married,Master's,Middle,Blantyre,FALSE
79-297-1061,44,Male,Middle,Single,Master's,Middle,Kozelâ€™shchyna,TRUE
93-649-9356,18,Female,High,Single,Master's,Middle,Cibuah,FALSE
27-543-7069,37,Male,Middle,Divorced,Master's,High,Cockburn Town,TRUE
96-079-9597,31,Genderfluid,High,Single,Master's,Middle,Maslog,TRUE
38-940-4942,22,Female,High,Widowed,Master's,Middle,FaqqÅ«â€˜ah,TRUE
82-014-2564,33,Male,High,Married,High School,Middle,Yelyzavethradka,TRUE
70-699-5799,20,Female,High,Single,Master's,High,Jackson,TRUE
53-240-2040,26,Male,High,Married,High School,High,ItaguaÃ­,TRUE
27-742-2776,26,Male,High,Married,High School,High,FteliÃ¡,TRUE
55-620-7906,21,Male,High,Divorced,High School,Middle,Kiambu,TRUE
04-213-4617,43,Male,High,Divorced,High School,High,XibÃ«r-MurrizÃ«,TRUE
79-384-7469,50,Male,Middle,Single,Bachelor's,High,Xudat,FALSE
30-839-5589,42,Female,Middle,Married,High School,Middle,Yaodu,TRUE
76-848-9229,29,Male,High,Married,Bachelor's,Middle,Saint-Gratien,TRUE
98-559-6096,20,Male,Middle,Widowed,High School,Middle,Totora,TRUE
56-810-2066,40,Non-binary,High,Married,Master's,Middle,GÃ¶teborg,TRUE
55-580-7707,38,Male,High,Divorced,Bachelor's,Middle,ÄŒÃ¡slav,FALSE
18-605-0795,45,Polygender,Middle,Widowed,High School,High,Rudnogorsk,TRUE
86-268-2904,49,Male,High,Widowed,High School,Middle,Pindiga,TRUE
75-847-7630,37,Male,Middle,Single,High School,Middle,Adela,FALSE
76-910-2337,23,Polygender,Middle,Widowed,Master's,High,Krajan Baru,TRUE
56-719-7145,48,Female,High,Married,Master's,Middle,Jinqiao,FALSE
14-025-2335,19,Male,Middle,Divorced,Master's,Middle,Barg-e MatÄl,FALSE
10-300-8072,46,Female,High,Single,High School,High,Argenteuil,FALSE
73-698-2326,39,Male,Middle,Divorced,Bachelor's,High,Daying,TRUE
01-023-2094,27,Polygender,Middle,Divorced,Master's,Middle,Ngrejo,FALSE
65-359-4645,28,Female,Middle,Married,High School,High,Xieba,FALSE
33-405-7978,50,Female,High,Married,High School,Middle,Sigli,FALSE
09-783-7921,19,Female,High,Divorced,Bachelor's,High,AristÃ³bulo del Valle,TRUE
76-561-2427,27,Agender,Middle,Widowed,High School,High,Cane,FALSE
82-467-3300,23,Male,High,Married,Master's,Middle,Podhum,FALSE
92-946-7398,19,Female,High,Widowed,Bachelor's,High,Vilar,TRUE
59-891-2990,22,Female,Middle,Widowed,Bachelor's,High,Portela,FALSE
22-579-3978,40,Male,Middle,Divorced,High School,High,Arendal,FALSE
22-352-0576,48,Male,Middle,Married,Bachelor's,Middle,NabÄ«nagar,FALSE
28-676-0614,49,Male,Middle,Married,High School,High,La Ravoire,TRUE
07-211-9364,45,Agender,Middle,Widowed,Master's,Middle,Dostoyevka,FALSE
98-238-6733,42,Female,High,Married,High School,High,Liuzhou,TRUE
72-006-3769,41,Female,High,Married,Bachelor's,High,SÃ£o Mateus do MaranhÃ£o,TRUE
75-845-3143,23,Bigender,High,Single,High School,High,Rumbek,FALSE
26-028-2671,44,Female,High,Divorced,High School,Middle,Cigedang,FALSE
55-876-7407,42,Female,High,Married,Bachelor's,Middle,Muaralabuh,TRUE
47-720-9520,49,Female,Middle,Widowed,Bachelor's,High,CheÅ‚miec,TRUE
42-207-5005,45,Female,Middle,Widowed,High School,High,Santa Marta,FALSE
47-266-2261,36,Female,Middle,Single,Bachelor's,Middle,BrÃ¤ndÃ¶,FALSE
77-642-7686,38,Female,High,Divorced,High School,High,Liangshuihe,FALSE
37-468-8133,44,Male,Middle,Single,High School,Middle,Cimara,TRUE
00-335-5034,37,Agender,High,Married,Bachelor's,High,Sanxing,FALSE
95-148-1769,36,Male,Middle,Divorced,Master's,High,Linao,FALSE
72-324-1243,34,Male,High,Married,High School,Middle,Bairan,TRUE
62-687-5354,23,Male,Middle,Single,High School,Middle,Abaetetuba,FALSE
54-634-0814,35,Male,High,Divorced,Bachelor's,High,Pasirjaya,TRUE
64-769-5737,45,Male,Middle,Widowed,Master's,Middle,Acheng,FALSE
62-892-2088,38,Male,High,Widowed,Master's,High,Huakoulongtan,TRUE
53-951-2529,25,Male,Middle,Divorced,Master's,High,Burgastai,TRUE
00-264-3797,26,Male,Middle,Married,Master's,Middle,ChavarrÃ­a,FALSE
88-445-9235,46,Female,High,Married,High School,High,Demuk,TRUE
65-539-9955,18,Female,High,Single,High School,High,Sertolovo,TRUE
89-730-1134,46,Male,Middle,Divorced,High School,Middle,Jixian,FALSE
74-051-7865,19,Female,High,Divorced,Bachelor's,High,Deqing,FALSE
40-450-4266,37,Female,Middle,Single,Bachelor's,Middle,Sala,TRUE
78-796-5651,35,Female,Middle,Divorced,High School,High,DÅ‚utÃ³w,TRUE
78-163-4800,43,Male,Middle,Single,Master's,Middle,Regimin,TRUE
90-272-5701,28,Male,Middle,Single,Master's,High,Semiletka,TRUE
14-118-5229,25,Male,Middle,Divorced,Master's,High,Dayr Sharaf,TRUE
24-662-2119,47,Male,High,Widowed,Master's,Middle,Adani,TRUE
61-794-8438,45,Polygender,Middle,Divorced,Bachelor's,Middle,Rakhiv,TRUE
21-959-5766,24,Non-binary,High,Married,High School,Middle,Ma'an,FALSE
42-518-2602,30,Male,Middle,Divorced,Bachelor's,High,Navoiy,FALSE
35-850-8676,24,Female,High,Married,High School,Middle,Sishilichengzi,TRUE
07-958-2231,27,Female,Middle,Married,Bachelor's,Middle,Tigaherang,FALSE
78-503-0416,25,Male,Middle,Single,High School,High,Villa Dolores,TRUE
46-167-7999,44,Bigender,Middle,Single,Master's,Middle,PoÃ¡,FALSE
93-989-8649,26,Male,Middle,Divorced,Bachelor's,Middle,Shibushi,FALSE
98-130-8811,18,Female,High,Single,High School,Middle,Tilburg,TRUE
18-614-2070,47,Female,Middle,Married,Bachelor's,High,Ugra,TRUE
80-277-3242,36,Male,High,Widowed,High School,Middle,Montreuil,FALSE
44-949-9040,23,Female,High,Divorced,Bachelor's,High,Garibaldi,FALSE
04-545-9162,49,Male,High,Divorced,Master's,High,Tiang,TRUE
51-320-2801,27,Female,High,Divorced,Bachelor's,High,Mouquim,FALSE
50-510-5119,43,Male,High,Widowed,Master's,High,Montecristi,TRUE
63-964-6954,19,Female,High,Married,High School,Middle,Prince Albert,TRUE
55-569-9247,41,Female,Middle,Married,Master's,High,GÃ¶teborg,TRUE
02-911-0447,29,Female,Middle,Single,High School,Middle,ZajeÄov,FALSE
77-626-7240,25,Male,High,Widowed,Master's,High,Liushun,FALSE
75-915-9803,45,Male,High,Widowed,Bachelor's,Middle,Sancha,FALSE
78-905-2660,36,Female,Middle,Divorced,Bachelor's,High,Damnoen Saduak,TRUE
02-677-6735,21,Female,High,Widowed,High School,High,Cianorte,TRUE
20-460-9796,47,Female,Middle,Widowed,Master's,High,Liuzuo,FALSE
57-587-4005,26,Female,Middle,Widowed,Bachelor's,High,Pameungpeuk,TRUE
99-477-8256,25,Female,Middle,Single,Master's,High,KÄshmar,TRUE
03-992-3728,26,Bigender,Middle,Married,Bachelor's,High,â€˜Arad,FALSE
24-878-4507,34,Male,High,Divorced,Bachelor's,Middle,Lenart v Slov. Goricah,TRUE
22-106-8347,48,Male,High,Divorced,Master's,Middle,Bigaa,FALSE
81-479-0790,19,Male,High,Single,Bachelor's,Middle,Guadalupe,FALSE
03-023-9932,37,Female,High,Widowed,Bachelor's,Middle,Xiaruyue,TRUE
36-632-2460,23,Female,High,Widowed,Bachelor's,Middle,Gweedore,TRUE
32-799-7704,34,Female,High,Widowed,Master's,High,Przelewice,FALSE
09-369-0588,42,Male,High,Single,Bachelor's,Middle,Dalumangcob,FALSE
87-727-6434,28,Female,High,Widowed,Master's,Middle,Cravo Norte,TRUE
18-793-9543,28,Male,High,Divorced,Master's,Middle,MonterÃ­a,TRUE
63-625-5757,33,Male,Middle,Single,High School,High,Mikunâ€™,TRUE
93-413-4758,31,Female,Middle,Single,Master's,High,Samamiya,TRUE
15-663-7994,20,Female,Middle,Widowed,Bachelor's,High,Tanahmerah,FALSE
29-319-4519,32,Male,High,Divorced,High School,High,Ã–rebro,TRUE
40-347-2903,27,Female,Middle,Single,Bachelor's,High,Kefar Yona,TRUE
18-452-1635,19,Female,Middle,Widowed,Bachelor's,Middle,Pasto,TRUE
47-710-5471,50,Male,Middle,Single,High School,Middle,Huangtan,TRUE
88-167-7129,40,Polygender,High,Married,Bachelor's,Middle,Ilâ€™inskiy,TRUE
86-771-9082,20,Male,High,Married,Bachelor's,High,Ugljevik,TRUE
46-678-4172,24,Female,Middle,Married,Master's,Middle,Na Chaluai,FALSE
14-249-1256,46,Male,Middle,Single,High School,Middle,Marolambo,TRUE
75-617-1460,50,Male,High,Married,Master's,High,WiwilÃ­,TRUE
10-247-0192,29,Female,High,Single,Bachelor's,Middle,Cali,TRUE
94-120-9525,34,Genderfluid,High,Divorced,Bachelor's,High,Tamana,TRUE
22-234-9315,44,Female,High,Widowed,Bachelor's,High,Miyazu,TRUE
37-560-7247,38,Genderqueer,Middle,Married,Master's,High,GryfÃ³w ÅšlÄ…ski,FALSE
91-857-0797,22,Genderfluid,High,Widowed,High School,Middle,Pinagsibaan,TRUE
19-344-0102,44,Male,High,Single,Master's,High,Jardin,TRUE
48-609-7715,43,Female,High,Divorced,Master's,Middle,Aguilares,FALSE
13-571-6506,25,Male,Middle,Divorced,Master's,High,Muslyumovo,TRUE
47-073-6440,21,Female,Middle,Divorced,Master's,High,Taiyuan,FALSE
50-303-1693,29,Female,Middle,Married,High School,High,Chatturat,FALSE
69-157-9577,41,Male,High,Divorced,Master's,High,Paisha,TRUE
09-513-4923,38,Genderfluid,High,Divorced,Master's,High,Kadugadung,FALSE
82-975-8569,26,Male,High,Widowed,Bachelor's,High,Paris 15,TRUE
70-774-7728,41,Female,Middle,Widowed,Master's,Middle,Dualing,FALSE
13-015-8097,46,Female,High,Single,Bachelor's,High,Adelaide,FALSE
68-391-7279,39,Genderqueer,High,Widowed,Bachelor's,Middle,Pingshi,FALSE
28-764-3337,43,Male,Middle,Divorced,Bachelor's,Middle,Renshan,TRUE
00-285-9607,44,Genderfluid,Middle,Married,Bachelor's,Middle,Sobinka,FALSE
04-832-3559,26,Male,Middle,Widowed,Bachelor's,Middle,Narol,FALSE
27-613-5005,29,Male,Middle,Widowed,Master's,High,Fresno,FALSE
49-825-3438,50,Male,High,Widowed,High School,High,Vabalninkas,TRUE
31-783-9785,19,Female,High,Divorced,Master's,Middle,Jambuwerkrajan,TRUE
58-059-8187,27,Male,High,Widowed,High School,Middle,Ozubulu,TRUE
74-882-6648,34,Female,High,Married,High School,High,Nakhchivan,TRUE
03-180-9200,39,Male,High,Divorced,Bachelor's,Middle,CurumanÃ­,TRUE
46-578-1425,44,Male,High,Divorced,Master's,High,Praia,FALSE
13-588-5783,20,Female,Middle,Married,High School,Middle,SÃ£o CristÃ³vÃ£o,FALSE
25-085-7917,42,Female,Middle,Single,High School,High,Pallisa,FALSE
66-085-1226,22,Female,Middle,Married,Master's,High,San Pascual,FALSE
37-037-1765,30,Male,High,Married,Bachelor's,Middle,â€˜AÅŸÄ«rah ash ShamÄlÄ«yah,FALSE
48-630-6410,39,Male,High,Divorced,Master's,High,Dom Pedrito,FALSE
50-471-0212,19,Female,High,Single,Bachelor's,High,San SebastiÃ¡n de YalÃ­,FALSE
48-642-5768,26,Female,Middle,Widowed,Bachelor's,Middle,ShchÃ«kino,FALSE
15-152-9751,21,Female,High,Married,High School,Middle,Turkestan,TRUE
23-451-9920,37,Male,Middle,Divorced,Master's,High,Rzeczenica,TRUE
09-775-4058,23,Male,High,Married,High School,High,PerzÃ³w,TRUE
43-595-0966,46,Male,Middle,Married,Master's,Middle,Sabon Gari-Nangere,FALSE
56-592-0089,35,Female,Middle,Divorced,Master's,High,Hengshui,TRUE
29-374-1297,33,Non-binary,Middle,Widowed,High School,Middle,Nantes,TRUE
80-728-6133,47,Male,Middle,Divorced,High School,Middle,Tamorot,FALSE
58-502-7490,32,Male,High,Widowed,Bachelor's,High,Sinchao,FALSE
23-537-0742,20,Male,Middle,Widowed,Bachelor's,High,Anding,FALSE
22-483-3115,37,Female,High,Single,Bachelor's,Middle,Rukem,FALSE
57-372-5969,35,Non-binary,High,Divorced,Master's,High,Bogovarovo,FALSE
37-283-9076,18,Female,Middle,Single,High School,High,Valbo,FALSE
39-075-3518,27,Male,Middle,Widowed,High School,High,Jaguaruana,FALSE
84-315-7189,29,Female,High,Married,Bachelor's,Middle,Å¢Äqchah KhÄnah,FALSE
75-964-5589,24,Male,High,Widowed,Master's,High,Lipovci,TRUE
06-594-3417,27,Male,High,Single,Bachelor's,High,Panagyurishte,TRUE
08-297-3351,34,Male,High,Single,Master's,High,Thá»‹ Tráº¥n Than UyÃªn,TRUE
05-546-5128,21,Male,Middle,Divorced,Bachelor's,Middle,Clichy,TRUE
79-759-6726,18,Male,High,Widowed,High School,High,KÅ‚oczew,TRUE
12-851-1771,50,Bigender,High,Married,High School,High,Zhukovo,TRUE
79-960-1714,31,Male,Middle,Single,Master's,High,NykÃ¶ping,FALSE
30-417-6981,45,Male,High,Married,Master's,High,Jianmin,FALSE
91-532-5399,29,Male,Middle,Single,Master's,Middle,Bucaramanga,TRUE
89-997-9041,36,Male,High,Widowed,High School,Middle,Kudanding,FALSE
26-235-6745,27,Female,High,Widowed,Master's,High,Kyoto,TRUE
99-080-9462,24,Male,High,Single,High School,Middle,Saraburi,FALSE
87-056-8987,49,Agender,High,Widowed,High School,Middle,Negeriagung,FALSE
06-160-8063,21,Bigender,Middle,Divorced,High School,High,Latacunga,FALSE
73-434-2308,19,Female,Middle,Married,Master's,High,Guanzhou,FALSE
84-260-6464,23,Female,Middle,Married,Bachelor's,High,Tabuc Pontevedra,TRUE
00-149-4481,28,Female,High,Divorced,Master's,High,Kabale,TRUE
05-710-6109,27,Female,High,Divorced,Master's,High,Malveira,FALSE
84-724-8407,47,Female,High,Divorced,Bachelor's,Middle,Veiga,TRUE
45-795-1873,20,Agender,High,Widowed,Master's,Middle,Jagistay,TRUE
06-647-3248,26,Female,High,Single,Master's,High,Yuannan,TRUE
06-767-5206,49,Male,High,Single,Bachelor's,Middle,Mount Darwin,FALSE
94-288-4423,39,Female,High,Widowed,Master's,High,Qalâ€˜eh-ye KhvÄjeh,FALSE
49-891-9711,22,Male,Middle,Divorced,Master's,Middle,Veiga,FALSE
08-806-0588,25,Male,High,Single,High School,Middle,Al QarÄrah,FALSE
94-746-2001,30,Female,Middle,Married,Bachelor's,Middle,Fandriana,FALSE
38-943-5744,19,Polygender,High,Married,Bachelor's,High,Carregueira,FALSE
98-535-8497,35,Male,High,Divorced,Master's,Middle,Lincheng,FALSE
33-243-8793,45,Male,Middle,Widowed,High School,High,Semenivka,FALSE
99-581-5577,20,Male,High,Single,High School,High,YlÃ¤ne,TRUE
64-180-2404,48,Male,Middle,Divorced,High School,High,Cendagah,TRUE
73-097-0986,23,Male,Middle,Single,Master's,High,FÄ«rÅ«zÄbÄd,FALSE
88-051-0567,49,Female,High,Widowed,High School,High,Trondheim,TRUE
44-715-9594,23,Female,Middle,Widowed,Bachelor's,High,Yakovlevo,FALSE
84-188-6577,39,Male,Middle,Widowed,High School,High,Katav-Ivanovsk,TRUE
19-116-4723,45,Male,High,Married,High School,High,Voznesenskoye,FALSE
21-783-9242,31,Genderqueer,High,Divorced,Master's,High,Voskhod,FALSE
95-528-2313,19,Female,Middle,Married,Bachelor's,High,Gudja,TRUE
94-682-4886,27,Male,Middle,Single,Bachelor's,High,Gawul,FALSE
55-944-9669,32,Bigender,Middle,Divorced,Master's,High,Sobeok,FALSE
32-314-2958,24,Male,Middle,Married,Master's,High,Nanhuang,TRUE
67-697-2331,22,Male,Middle,Married,Master's,High,Tanudan,TRUE
28-855-1639,46,Male,High,Single,High School,Middle,Jiaozuo,TRUE
38-069-8615,37,Female,Middle,Married,Bachelor's,Middle,TakÄb,FALSE
58-233-5963,34,Male,High,Single,Bachelor's,High,Gualeguay,TRUE
02-004-0620,32,Male,Middle,Single,Master's,High,Lagoa Seca,FALSE
78-822-9328,44,Male,High,Divorced,High School,Middle,Bugarama,FALSE
73-359-1998,24,Female,Middle,Divorced,Bachelor's,Middle,Dicamay,TRUE
84-459-7736,22,Genderqueer,Middle,Widowed,Master's,Middle,Xiluodu,FALSE
07-395-5818,37,Agender,High,Single,High School,High,á¸¨abÄbah,FALSE
07-560-6637,41,Female,Middle,Divorced,Master's,High,Lobuk,FALSE
61-926-1691,32,Male,High,Divorced,High School,Middle,Waiwukak,FALSE
68-129-1060,37,Female,High,Divorced,Bachelor's,High,AbaetÃ©,TRUE
04-052-5592,41,Male,Middle,Widowed,High School,Middle,Xiaqiao,TRUE
41-215-6092,37,Female,High,Single,High School,High,ZubÅ«bah,TRUE
89-833-7175,43,Male,Middle,Widowed,High School,High,KÄ™sowo,FALSE
08-117-9893,49,Male,High,Single,High School,Middle,Colombo,FALSE
24-109-2173,27,Female,High,Single,Bachelor's,High,MessÃ­ni,TRUE
79-939-2140,41,Male,Middle,Widowed,High School,High,Yishui,TRUE
95-999-0984,33,Male,High,Divorced,Bachelor's,Middle,Nanyaojie,TRUE
64-799-3174,46,Male,Middle,Divorced,Master's,Middle,Buzen,FALSE
27-018-2262,42,Female,Middle,Married,Bachelor's,Middle,Bom Jesus do Itabapoana,FALSE
38-881-0766,27,Male,Middle,Widowed,High School,Middle,Centenario,TRUE
17-344-8603,29,Male,High,Divorced,Bachelor's,Middle,Al JÄ«zah,TRUE
51-387-9144,38,Male,High,Single,Master's,Middle,Thá»‹ Tráº¥n Cáº©m Thá»§y,TRUE
42-101-8525,21,Male,Middle,Widowed,Bachelor's,Middle,Curahkalak Tengah,TRUE
69-157-6752,18,Male,Middle,Single,Bachelor's,Middle,Ebu,TRUE
27-843-5553,44,Non-binary,Middle,Single,Bachelor's,Middle,TÃ­o Pujio,FALSE
04-468-5487,22,Male,Middle,Married,High School,High,CrÃ©teil,FALSE
08-584-8296,18,Female,Middle,Divorced,High School,High,Shaxi,FALSE
81-014-4502,24,Female,Middle,Widowed,Master's,Middle,KelÄ«shÄd va SÅ«darjÄn,TRUE
65-167-9819,28,Male,High,Divorced,High School,Middle,Punta Gorda,FALSE
19-925-2376,24,Male,High,Single,Bachelor's,Middle,Segodim,TRUE
03-669-7519,40,Female,Middle,Married,Master's,High,Yinying,TRUE
00-520-4376,50,Male,High,Widowed,Bachelor's,Middle,Harembo,FALSE
62-701-1037,49,Male,Middle,Widowed,Master's,High,Lazarevac,FALSE
87-806-4478,35,Male,Middle,Widowed,Master's,Middle,Al JÄ«zah,FALSE
04-809-8989,25,Female,High,Married,High School,Middle,Zhongcun,TRUE
39-867-1989,40,Female,High,Widowed,High School,High,Gaopeng,TRUE
45-584-7333,40,Female,High,Widowed,Master's,High,Tabonok,TRUE
85-885-6579,50,Male,Middle,Single,Bachelor's,Middle,Tirana,FALSE
65-457-2840,24,Male,Middle,Single,High School,Middle,Maralal,FALSE
82-726-1255,30,Female,Middle,Married,Bachelor's,High,Xinjiang,FALSE
90-602-3583,32,Female,High,Widowed,Bachelor's,Middle,Mocho,FALSE
02-711-1034,48,Female,High,Widowed,High School,Middle,Likhoy,FALSE
27-347-7437,44,Female,High,Married,Bachelor's,High,Mineiros,TRUE
95-675-7816,19,Female,High,Widowed,Master's,Middle,Noisy-le-Grand,FALSE
87-418-1400,39,Male,Middle,Widowed,Bachelor's,High,Taoyuan,TRUE
73-991-0066,35,Female,High,Single,Bachelor's,Middle,San Marcos de ColÃ³n,TRUE
62-273-8089,39,Male,Middle,Single,Master's,Middle,Pokrovka,TRUE
51-220-3072,31,Male,Middle,Married,Master's,High,Shuntian,TRUE
17-648-0171,38,Female,High,Widowed,Bachelor's,Middle,JoÃ£o CÃ¢mara,FALSE
11-975-9054,33,Male,Middle,Married,High School,High,Cunha,FALSE
75-518-2831,33,Male,Middle,Divorced,Master's,Middle,Fengyi,TRUE
13-297-9777,42,Agender,Middle,Married,Bachelor's,High,Myshkin,FALSE
81-604-7906,49,Male,Middle,Divorced,High School,High,Tewulike,FALSE
87-518-0375,46,Non-binary,Middle,Divorced,High School,High,Bistrinci,TRUE
53-437-2629,42,Male,High,Single,Bachelor's,Middle,Chenguang,TRUE
46-681-0764,44,Female,Middle,Married,Master's,High,Muara,TRUE
43-990-6454,33,Female,High,Divorced,Master's,Middle,Qorveh,FALSE
55-570-3804,36,Male,Middle,Widowed,Master's,Middle,Bom Despacho,FALSE
29-067-4901,35,Male,High,Divorced,Master's,Middle,Arhust,TRUE
93-957-6269,26,Male,High,Divorced,Bachelor's,Middle,Thaton,TRUE
81-225-6647,43,Female,High,Widowed,Bachelor's,High,Changbai,FALSE
64-706-7841,25,Male,High,Divorced,Bachelor's,Middle,Kragan,FALSE
47-178-9529,37,Female,High,Divorced,Master's,Middle,Bida,TRUE
63-808-3641,25,Male,High,Widowed,Bachelor's,Middle,Pointe Michel,TRUE
85-738-8909,40,Female,Middle,Divorced,High School,Middle,Juyuan,FALSE
40-224-1057,40,Female,Middle,Married,Bachelor's,High,Sabugo,FALSE
24-853-1635,20,Female,Middle,Widowed,High School,Middle,Huangjin,FALSE
61-627-1822,39,Male,High,Widowed,Bachelor's,High,Huquan,TRUE
89-392-5002,19,Female,High,Single,Bachelor's,High,Xinqiao,TRUE
71-573-6085,31,Female,Middle,Widowed,Master's,High,Trzemeszno,TRUE
91-810-3612,36,Female,Middle,Married,Bachelor's,Middle,Dashkawka,TRUE
07-323-0255,31,Genderfluid,Middle,Married,High School,High,Sakura,TRUE
81-054-5343,45,Female,High,Divorced,Bachelor's,Middle,Lianghu,TRUE
14-854-9545,45,Agender,Middle,Single,High School,Middle,Karabash,TRUE
52-150-4629,23,Female,High,Divorced,Master's,High,Maomiaoji,FALSE
48-918-4473,28,Male,Middle,Married,High School,High,Pingtian,FALSE
06-764-5496,26,Female,High,Single,High School,Middle,TiÅ¡ina,TRUE
67-036-4295,50,Female,Middle,Divorced,Master's,High,Montceau-les-Mines,TRUE
35-880-9374,36,Female,Middle,Widowed,Bachelor's,High,Karengan,FALSE
08-614-6177,32,Male,Middle,Widowed,Master's,Middle,Sungai Raya,TRUE
35-879-0014,34,Male,High,Married,Master's,Middle,Zwedru,TRUE
91-570-2695,50,Male,Middle,Married,High School,Middle,Å¢ahÅ£Ä,TRUE
54-193-3526,24,Female,Middle,Widowed,Bachelor's,Middle,Masaran,TRUE
55-237-7991,49,Male,Middle,Widowed,Master's,High,Huangtang,TRUE
90-569-7391,18,Female,Middle,Single,Bachelor's,Middle,SkoÃºtari,TRUE
88-395-8741,44,Male,High,Divorced,High School,Middle,Jelat,FALSE
06-638-0433,41,Male,High,Married,High School,Middle,Doibang,FALSE
84-208-7045,33,Male,High,Divorced,High School,High,Kazimierz Dolny,TRUE
71-568-0867,46,Male,High,Single,Bachelor's,High,Margasari,FALSE
18-925-1867,23,Female,High,Married,Bachelor's,High,GarÃ§a,TRUE
69-394-1424,35,Female,High,Single,Master's,Middle,Muff,FALSE
91-695-8237,31,Female,Middle,Widowed,High School,High,Kryva Hora,TRUE
68-458-0904,20,Female,High,Single,Bachelor's,High,Pyra,TRUE
28-862-5550,49,Female,Middle,Married,Bachelor's,High,General Lavalle,TRUE
85-666-7449,26,Female,High,Widowed,Bachelor's,High,Zhongzhang,FALSE
30-987-7421,36,Male,Middle,Widowed,High School,High,Estacion,FALSE
39-107-6852,21,Male,Middle,Married,High School,High,Xinglongchang,FALSE
85-467-6564,35,Female,Middle,Widowed,High School,Middle,San Nicolas,FALSE
82-692-9306,41,Male,High,Married,High School,Middle,Ropa,TRUE
18-593-8611,22,Genderqueer,High,Single,High School,Middle,San Diego,TRUE
93-093-0556,42,Male,Middle,Single,Master's,Middle,Pan-an,FALSE
59-080-5779,50,Male,High,Single,Bachelor's,High,Shu,FALSE
64-915-2968,30,Female,High,Divorced,High School,Middle,TÃ½n nad Vltavou,TRUE
94-495-3402,49,Female,High,Divorced,Master's,High,Mojogajeh,FALSE
84-458-6432,40,Female,Middle,Divorced,Bachelor's,Middle,Mawu,FALSE
46-452-3822,38,Female,Middle,Single,Bachelor's,Middle,Genting,FALSE
54-877-5699,21,Male,High,Married,Master's,High,Madan,TRUE
15-146-4456,40,Male,High,Divorced,Master's,High,Hexiangqiao,FALSE
76-620-2994,26,Male,High,Divorced,Master's,Middle,Na Muen,TRUE
60-834-3348,32,Female,Middle,Married,Master's,Middle,Gafargaon,FALSE
77-742-5663,47,Female,Middle,Widowed,High School,High,Qingban,FALSE
05-167-0833,21,Male,Middle,Single,Master's,Middle,LabÃ¨ge,FALSE
86-182-9556,34,Male,High,Widowed,High School,High,Port Elizabeth,TRUE
14-415-2802,29,Male,Middle,Widowed,Master's,High,Sauri,TRUE
49-469-9163,20,Female,Middle,Divorced,Bachelor's,High,Desakolot,TRUE
67-937-6624,50,Male,High,Divorced,Bachelor's,Middle,Huambo,FALSE
91-761-9492,29,Female,Middle,Divorced,Master's,High,Luoting,TRUE
19-184-7665,25,Non-binary,Middle,Married,Bachelor's,High,Stepnogorsk,TRUE
19-383-9741,37,Male,Middle,Widowed,High School,Middle,Zarechnyy,FALSE
15-625-4047,39,Male,Middle,Single,Master's,Middle,La UniÃ³n,TRUE
81-820-4735,48,Female,Middle,Divorced,Bachelor's,High,Banjar Medura,TRUE
71-436-6908,47,Male,High,Divorced,Bachelor's,Middle,Arnprior,TRUE
73-145-5784,50,Female,Middle,Divorced,High School,High,Donglu,TRUE
50-637-1630,42,Polygender,High,Married,High School,Middle,Inderka,FALSE
44-938-7475,28,Female,High,Single,Bachelor's,High,Tochio-honchÅ,TRUE
55-279-3045,23,Male,Middle,Single,High School,Middle,Pasadena,TRUE
59-997-3903,42,Male,High,Divorced,High School,High,BarishÄl,FALSE
12-029-9344,32,Male,High,Single,Bachelor's,High,Kihurio,FALSE
41-130-2570,33,Male,Middle,Divorced,Bachelor's,High,Oekero,FALSE
25-285-7453,32,Male,High,Single,Bachelor's,Middle,Cluses,TRUE
47-225-8686,29,Male,High,Widowed,High School,High,WrzÄ…sowice,FALSE
33-519-4214,25,Non-binary,High,Divorced,Bachelor's,Middle,Hengfeng,TRUE
03-991-2098,41,Female,High,Divorced,Bachelor's,Middle,Bor,TRUE
30-735-8744,24,Female,Middle,Divorced,Bachelor's,High,Nawu,FALSE
13-848-5757,32,Female,High,Single,Master's,Middle,Longotea,FALSE
21-300-2001,41,Female,Middle,Widowed,High School,Middle,á¸¨abÄ«l al Jabr,FALSE
38-587-1781,18,Male,Middle,Divorced,Bachelor's,Middle,Gueset,FALSE
66-557-1474,25,Male,Middle,Single,Master's,Middle,LÄ«kak,TRUE
03-422-8710,49,Male,Middle,Divorced,Bachelor's,High,Yuanguping,FALSE
39-731-8532,39,Male,High,Married,Master's,Middle,ColÃ³n,TRUE
80-830-3184,47,Female,High,Single,High School,Middle,Lyon,TRUE
97-505-8416,43,Male,Middle,Married,Bachelor's,Middle,Chamical,TRUE
98-585-4742,38,Female,High,Widowed,High School,High,Ãgios AndrÃ©as,TRUE
51-302-9537,40,Female,High,Single,Bachelor's,Middle,Cibeusi,FALSE
88-313-2633,33,Male,Middle,Divorced,Master's,Middle,ItsandzÃ©ni,FALSE
61-286-0069,18,Agender,Middle,Widowed,Bachelor's,Middle,Kosh-Agach,FALSE
35-907-0586,39,Female,High,Married,Bachelor's,High,Kuafeu,TRUE
30-522-1574,31,Male,Middle,Divorced,Bachelor's,High,Xincheng,FALSE
43-715-8777,27,Male,Middle,Divorced,Master's,High,Minneapolis,FALSE
94-692-4313,31,Female,High,Single,Bachelor's,Middle,PÃ©fki,TRUE
96-915-4091,36,Female,High,Widowed,Bachelor's,Middle,á¸¨awallÄ«,FALSE
67-073-5578,27,Female,Middle,Divorced,High School,Middle,SÃ£o Mateus do MaranhÃ£o,FALSE
27-010-9462,21,Agender,Middle,Married,Bachelor's,High,Imielin,TRUE
19-689-4556,50,Female,Middle,Married,High School,Middle,Przeworsk,TRUE
53-143-6147,49,Female,High,Divorced,High School,High,Amsterdam Nieuw West,FALSE
02-725-7664,43,Female,High,Divorced,High School,Middle,Klishkivtsi,TRUE
54-439-4748,35,Non-binary,High,Widowed,Bachelor's,High,Borova,TRUE
66-949-9895,21,Male,Middle,Widowed,Master's,High,Vendargues,TRUE
20-648-1010,34,Male,High,Married,High School,Middle,Zilang,TRUE
79-939-5393,21,Female,High,Married,High School,High,Camalote,FALSE
89-249-8369,23,Female,High,Widowed,Bachelor's,High,Julayjilah,FALSE
85-366-1482,31,Female,Middle,Married,High School,Middle,Badajoz,FALSE
34-874-7357,21,Male,High,Widowed,Master's,Middle,Fort Wayne,TRUE
11-820-5039,22,Female,Middle,Married,Bachelor's,Middle,GalÃ¡n,FALSE
73-846-1423,38,Female,High,Single,High School,High,Saint Joseph,FALSE
90-363-8040,27,Male,High,Divorced,Bachelor's,Middle,"Hospitalet De Llobregat, L'",FALSE
65-533-1660,18,Male,Middle,Married,Master's,High,Palma De Mallorca,TRUE
98-376-8787,36,Male,High,Married,Master's,Middle,Pho Duc,TRUE
18-938-9896,44,Female,Middle,Widowed,High School,High,Åeba,TRUE
04-829-7037,48,Bigender,High,Married,High School,High,Yaguaraparo,TRUE
93-455-0576,23,Female,Middle,Widowed,Master's,Middle,Novoorsk,FALSE
84-637-9188,35,Male,Middle,Divorced,Bachelor's,Middle,Wuyang,FALSE
81-111-7832,50,Female,High,Widowed,Bachelor's,Middle,PelasgÃ­a,FALSE
77-401-8183,30,Female,High,Divorced,High School,High,PhÃºc Thá»,TRUE
01-484-8220,38,Male,Middle,Married,Bachelor's,Middle,Vsevolozhsk,FALSE
11-121-0709,42,Male,Middle,Married,Master's,Middle,Kara Suu,FALSE
36-649-0081,24,Female,High,Divorced,Master's,Middle,Beigucheng,FALSE
61-176-8712,27,Female,High,Married,Master's,Middle,Cerro,FALSE
75-526-2611,36,Female,High,Widowed,Master's,High,Yamaga,FALSE
72-339-1854,19,Bigender,High,Single,Master's,Middle,Sacramento,FALSE
80-360-6324,24,Female,High,Single,Bachelor's,Middle,Foso,TRUE
24-591-4327,35,Male,High,Divorced,High School,High,Nowe Brzesko,FALSE
58-487-8848,38,Female,High,Married,High School,High,KonÄrak,TRUE
61-453-3503,34,Male,High,Widowed,High School,High,Qingshandi,TRUE
63-680-7694,29,Female,High,Divorced,Master's,Middle,Mbala,TRUE
51-431-7150,41,Female,Middle,Widowed,Bachelor's,Middle,Shiqiao,TRUE
23-039-9347,41,Male,Middle,Divorced,High School,High,Yatsuomachi-higashikumisaka,TRUE
18-832-6916,32,Male,High,Married,Bachelor's,High,Czarna DÄ…brÃ³wka,FALSE
29-438-8126,36,Female,Middle,Single,High School,High,Pasirmadang,FALSE
68-201-1633,33,Male,Middle,Married,Bachelor's,High,MaÃ±o,TRUE
07-314-2945,25,Female,Middle,Married,Master's,Middle,Tiwi,FALSE
64-490-6975,46,Female,Middle,Married,Bachelor's,Middle,Ahar,TRUE
91-789-3191,41,Female,High,Single,High School,Middle,Dake,TRUE
83-714-9649,28,Female,Middle,Widowed,Bachelor's,Middle,Harstad,FALSE
33-203-4230,23,Male,High,Divorced,Master's,Middle,Perbaungan,FALSE
90-918-2833,48,Female,High,Widowed,High School,High,Soroti,FALSE
53-409-1176,26,Male,High,Single,Master's,High,Caruaru,FALSE
52-491-3386,39,Female,High,Married,Master's,Middle,Kamiennik,FALSE
10-870-3357,45,Male,Middle,Married,High School,High,Boundiali,TRUE
41-816-7753,22,Male,Middle,Divorced,High School,High,GÃ¶tene,FALSE
68-296-5978,36,Male,High,Married,High School,Middle,Kadumelati,FALSE
03-874-9055,29,Female,Middle,Married,Bachelor's,High,Amparo,FALSE
28-123-8406,33,Male,High,Married,Bachelor's,High,Shimen,FALSE
01-089-2223,35,Male,High,Married,Master's,Middle,Philadelphia,FALSE
23-758-1012,39,Female,Middle,Single,High School,High,Myingyan,TRUE
34-788-8387,38,Female,Middle,Single,High School,Middle,Qingqu,TRUE
53-865-9342,27,Female,High,Single,Bachelor's,High,Poste de Flacq,FALSE
79-052-8470,35,Male,Middle,Widowed,High School,High,Å¢awr al BÄá¸©ah,TRUE
86-359-7320,43,Female,Middle,Widowed,Master's,Middle,Phu Loc,TRUE
27-111-2242,40,Bigender,High,Single,Bachelor's,Middle,Jembangan,TRUE
84-538-0238,19,Male,Middle,Divorced,High School,Middle,Harhorin,TRUE
04-660-2742,46,Agender,High,Married,High School,High,Meijiang,FALSE
96-496-9833,30,Female,High,Single,High School,High,LaÃ±gub,TRUE
27-672-6081,35,Male,High,Divorced,Bachelor's,Middle,Bangbayang,TRUE
66-033-0540,34,Male,High,Widowed,High School,Middle,StÄ›boÅ™ice,TRUE
99-643-9845,28,Female,Middle,Married,High School,High,Banturkrajan,TRUE
27-571-9402,44,Female,Middle,Married,Master's,Middle,SÃ£o Torcato,FALSE
10-430-5821,25,Male,High,Divorced,Master's,Middle,Kapan,FALSE
36-835-7445,45,Male,Middle,Married,Bachelor's,High,VÄƒn Giang,FALSE
41-602-4042,47,Female,High,Single,High School,Middle,Oslo,TRUE
63-743-6962,39,Male,Middle,Single,High School,Middle,Tanushimarumachi-toyoki,TRUE
66-772-9922,32,Male,High,Divorced,High School,Middle,Kazo,TRUE
23-246-5927,47,Male,Middle,Widowed,Bachelor's,High,Rawa Mazowiecka,FALSE
74-022-7557,19,Male,High,Married,Bachelor's,Middle,WÅnsan,TRUE
78-214-5658,48,Female,Middle,Single,High School,High,Villavicencio,FALSE
25-286-8786,27,Male,High,Single,Master's,High,Berlin,FALSE
55-955-9889,31,Female,High,Divorced,Bachelor's,High,Wailang,TRUE
34-237-3943,44,Male,Middle,Married,Master's,Middle,Fangshan,FALSE
19-386-9088,24,Female,High,Widowed,High School,Middle,Tallahassee,TRUE
16-583-2801,32,Female,Middle,Widowed,Master's,Middle,Anchorage,FALSE
83-752-5439,28,Female,Middle,Married,Master's,High,Mulhouse,FALSE
25-485-2023,26,Male,Middle,Divorced,Master's,Middle,Tangkilsari,FALSE
90-822-7664,38,Female,Middle,Married,Master's,Middle,San Carlos,TRUE
22-039-6819,28,Female,Middle,Divorced,High School,Middle,Queluz,FALSE
50-395-1941,30,Genderqueer,High,Married,High School,High,SÃ¤rkisalo,FALSE
99-771-9310,37,Female,High,Widowed,Master's,Middle,Vitoria-Gasteiz,FALSE
18-518-0140,47,Female,High,Divorced,Bachelor's,Middle,Coro,FALSE
57-000-8646,41,Female,High,Widowed,Master's,Middle,Purwa,FALSE
81-926-9297,22,Female,Middle,Widowed,Master's,High,GÃ¤vle,FALSE
53-070-2625,46,Male,High,Married,Master's,Middle,Embu GuaÃ§u,TRUE
63-217-7638,34,Non-binary,Middle,Single,Bachelor's,Middle,Colima,TRUE
64-120-6212,31,Male,Middle,Single,Bachelor's,Middle,Fubin,TRUE
01-404-3425,38,Male,High,Single,Master's,High,Talshand,TRUE
68-971-6148,45,Male,High,Single,Master's,Middle,Palampal,TRUE
22-053-4627,30,Female,High,Married,High School,High,KamÃ¡rai,FALSE
09-258-0424,45,Female,Middle,Married,High School,Middle,Ettelbruck,FALSE
56-782-9001,18,Male,High,Married,Bachelor's,High,Cawayan,FALSE
05-506-7216,36,Male,High,Single,Bachelor's,Middle,Don Carlos,FALSE
47-356-9730,25,Female,High,Single,High School,High,SeleuÅ¡,FALSE
42-898-6421,21,Female,High,Divorced,High School,Middle,Cervantes,FALSE
17-364-8685,26,Male,High,Single,Master's,High,Ebebiyin,FALSE
13-618-9438,40,Male,High,Divorced,Bachelor's,High,Chuquitira,FALSE
32-457-2982,47,Female,High,Divorced,High School,Middle,Proletarsk,TRUE
43-386-2489,27,Bigender,High,Widowed,High School,Middle,Naghalin,FALSE
67-438-2378,29,Female,Middle,Divorced,High School,High,Honolulu,TRUE
65-431-1264,21,Male,Middle,Single,Bachelor's,High,Dhalie,FALSE
73-367-8478,41,Genderfluid,High,Single,Bachelor's,High,Giesteira,TRUE
84-162-8799,43,Male,Middle,Widowed,High School,High,Khilok,TRUE
51-546-9992,33,Male,High,Widowed,Master's,Middle,Cimara,FALSE
89-189-3295,23,Female,Middle,Single,Master's,Middle,Vereshchagino,FALSE
45-776-7217,37,Female,Middle,Divorced,Bachelor's,High,Binagadi,FALSE
71-354-5174,34,Female,High,Single,Master's,High,Tsuen Wan,FALSE
05-975-6985,27,Male,High,Divorced,Master's,Middle,Banjar Batanpoh,TRUE
42-859-2475,40,Male,Middle,Widowed,Master's,High,Yenakiyeve,TRUE
34-094-1923,40,Female,Middle,Widowed,Master's,Middle,San Ramon,TRUE
57-797-8139,43,Male,High,Widowed,Bachelor's,High,SakÃ©tÃ©,TRUE
21-048-8669,37,Non-binary,Middle,Single,Bachelor's,Middle,Pantenan,FALSE
30-038-8752,49,Male,High,Single,Bachelor's,High,Antrukan,FALSE
06-237-7338,27,Female,Middle,Married,Bachelor's,Middle,Dhahab,TRUE
71-817-5422,19,Female,High,Single,High School,High,Vetluga,FALSE
68-512-0568,40,Female,High,Married,Master's,Middle,Wolfsberg,TRUE
18-633-9387,27,Male,Middle,Married,Bachelor's,High,San Bautista,TRUE
08-977-4418,29,Female,Middle,Married,Master's,High,Reuleuet,TRUE
97-738-8095,45,Polygender,High,Single,Bachelor's,High,Lonpao Dajah,TRUE
15-421-1255,24,Female,High,Single,High School,Middle,Nanqiao,FALSE
92-142-4328,45,Female,Middle,Married,Master's,Middle,San Carlos,FALSE
06-357-6548,39,Female,Middle,Divorced,High School,Middle,Ishikawa,FALSE
59-261-4453,40,Male,High,Widowed,High School,High,Oguma,TRUE
35-644-3184,21,Female,High,Single,Master's,Middle,TÄ›Å¡any,TRUE
30-528-9105,42,Female,Middle,Married,Master's,High,Aksha,TRUE
14-709-8547,44,Female,Middle,Divorced,Bachelor's,High,Lahan Sai,FALSE
80-508-9866,46,Female,Middle,Married,Master's,High,EstÃ¢ncia,FALSE
27-100-0661,29,Male,High,Divorced,Master's,High,Las Lomas,FALSE
68-488-7343,19,Female,Middle,Married,High School,High,Xiamayu,TRUE
63-304-1852,21,Male,High,Widowed,Master's,High,IÃ±apari,FALSE
53-843-5619,38,Female,High,Single,High School,High,Orsay,FALSE
44-786-7696,41,Bigender,Middle,Divorced,Master's,Middle,Zhongying,TRUE
45-631-4619,49,Female,High,Divorced,Master's,High,Bayá¸©Än,TRUE
11-850-1953,32,Genderfluid,Middle,Single,High School,Middle,Beizhakou,FALSE
20-421-2544,24,Male,High,Married,High School,High,KyÅngsÅng,TRUE
37-100-8709,27,Male,High,Divorced,Master's,Middle,Turinsk,TRUE
78-361-5100,44,Female,Middle,Married,Master's,High,As SawdÄ,TRUE
67-676-5945,28,Female,High,Married,Bachelor's,High,Legaspi,TRUE
67-639-5838,23,Male,Middle,Married,High School,Middle,Shimorskoye,FALSE
51-415-1931,42,Female,High,Divorced,High School,High,KoÅ›cielec,TRUE
96-764-3843,20,Male,Middle,Widowed,Master's,High,Yongfu,TRUE
16-730-2056,49,Male,High,Divorced,Master's,Middle,VinkkilÃ¤,TRUE
22-157-2494,19,Male,High,Divorced,High School,High,Revolucion Verde,TRUE
29-341-6463,38,Female,Middle,Single,High School,High,Newton,TRUE
64-906-4475,43,Male,High,Married,High School,Middle,Nantang,TRUE
36-340-8494,38,Male,Middle,Divorced,Bachelor's,High,Perugia,FALSE
77-031-4898,21,Male,Middle,Widowed,Bachelor's,High,Tancheng,FALSE
86-097-9642,27,Male,Middle,Widowed,Master's,Middle,Leon Postigo,TRUE
64-090-3433,35,Male,Middle,Married,Master's,High,BollÃ¨ne,FALSE
96-140-1936,30,Male,Middle,Married,Bachelor's,Middle,Baihe,FALSE
38-830-6976,31,Male,High,Widowed,Master's,Middle,Puqi,FALSE
82-864-1154,50,Bigender,High,Divorced,High School,High,Pedraza,FALSE
79-711-6779,34,Female,High,Widowed,High School,High,Hoolt,FALSE
22-860-9860,24,Female,High,Married,High School,High,Pasinan Barat,TRUE
72-590-6161,32,Female,Middle,Single,Master's,High,Saltpond,TRUE
76-213-5806,21,Female,High,Widowed,Bachelor's,Middle,Rende,TRUE
66-894-5431,41,Male,Middle,Single,Master's,High,Zarasai,FALSE
20-939-3906,40,Female,High,Married,High School,Middle,Nanchangshan,TRUE
86-390-9555,48,Male,Middle,Single,Master's,High,PegÃµes,FALSE
91-602-0761,25,Female,Middle,Widowed,Bachelor's,Middle,EspÃ­rito Santo do Pinhal,FALSE
62-974-7965,30,Female,High,Divorced,Bachelor's,High,Ãšjezd,TRUE
21-232-1397,25,Male,Middle,Single,Master's,High,Bhadrapur,FALSE
31-364-4144,40,Female,High,Widowed,Master's,High,Kostrovo,FALSE
99-945-7193,24,Female,Middle,Single,Master's,High,Lemery,FALSE
91-053-3261,49,Male,Middle,Divorced,Bachelor's,High,Youcheng,FALSE
50-447-5171,50,Female,High,Married,Master's,Middle,Napoli,FALSE
89-754-7244,45,Male,High,Widowed,Master's,Middle,El CaÃ±o,FALSE
56-072-7011,19,Male,High,Single,Master's,High,Heemstede,TRUE
74-281-3421,50,Female,Middle,Widowed,High School,High,Panyam,FALSE
86-068-2133,32,Male,High,Married,Master's,High,Faraulep,FALSE
03-102-0288,21,Male,Middle,Married,Master's,Middle,San Isidro,TRUE
74-033-1145,27,Polygender,High,Widowed,Bachelor's,Middle,Mranggen,FALSE
24-272-6205,39,Agender,High,Divorced,Master's,High,Cigadog,FALSE
90-170-1951,34,Male,Middle,Widowed,Master's,High,Caitang,TRUE
73-259-8940,34,Female,Middle,Widowed,Bachelor's,Middle,Masoyila,FALSE
77-796-5786,42,Male,Middle,Single,Master's,High,Beiyuan,TRUE
23-949-1954,42,Male,Middle,Single,Bachelor's,Middle,Kariya,FALSE
51-313-7293,31,Male,High,Widowed,Bachelor's,High,Malakhovka,TRUE
62-797-9254,35,Female,High,Widowed,High School,High,At-Bashi,TRUE
27-941-4995,27,Female,High,Married,High School,Middle,Sankeyushu,FALSE
01-799-2615,45,Male,Middle,Married,High School,Middle,Limoges,FALSE
82-133-0444,43,Male,High,Married,Bachelor's,Middle,HÃ¤gersten,FALSE
43-920-9499,35,Bigender,Middle,Widowed,High School,Middle,Tarata,FALSE
17-551-9779,33,Female,Middle,Widowed,Master's,High,Marabahan,FALSE
49-037-2300,31,Female,Middle,Single,High School,Middle,EslÄmÄbÄd,FALSE
95-876-9757,31,Female,High,Married,Master's,High,Emar,FALSE
47-947-4888,26,Male,High,Single,Master's,High,Baisha,TRUE
83-003-2165,49,Male,High,Married,Bachelor's,Middle,Magdalena,TRUE
27-619-9264,23,Male,High,Single,Master's,High,GÃ¶teborg,FALSE
49-476-1729,42,Male,High,Single,Master's,Middle,SkÃ³rzec,FALSE
64-803-7087,32,Male,Middle,Single,Bachelor's,High,SÃ£o JoÃ£o dos Inhamuns,FALSE
01-925-4021,37,Female,Middle,Single,High School,Middle,Tambaksari,FALSE
51-116-5937,25,Polygender,High,Widowed,Bachelor's,Middle,Lazarat,FALSE
72-454-2741,49,Male,Middle,Single,High School,Middle,Belene,FALSE
96-484-1000,26,Male,Middle,Married,Bachelor's,High,Xiangshan,TRUE
07-834-3350,29,Female,High,Single,Master's,Middle,San Luis,TRUE
11-802-5604,26,Male,High,Divorced,High School,Middle,Zengfu,FALSE
41-750-4105,23,Female,High,Divorced,Master's,High,Tingsryd,FALSE
31-491-8457,47,Female,High,Single,Bachelor's,High,Tipaz,FALSE
86-257-9581,30,Male,High,Single,Bachelor's,Middle,WÄdÄ« as SalqÄ,TRUE
22-981-6595,26,Female,High,Single,High School,High,Wasagu,FALSE
54-002-5845,35,Female,High,Divorced,Bachelor's,High,Wangsi,TRUE
31-927-7787,40,Male,High,Married,High School,High,Esmeralda,FALSE
46-098-9737,35,Male,Middle,Married,Master's,High,Chivilcoy,TRUE
27-017-7173,21,Male,Middle,Single,Master's,Middle,SÃ£o Miguel do Araguaia,TRUE
53-102-9949,41,Male,Middle,Widowed,Master's,Middle,Libei,TRUE
02-676-9312,44,Female,High,Single,Bachelor's,High,Araci,FALSE
28-969-7540,44,Female,High,Married,Master's,Middle,KuÃ§ovÃ«,TRUE
30-083-9565,37,Male,Middle,Widowed,Master's,High,Bokong Timur,FALSE
30-975-0306,40,Female,High,Widowed,Bachelor's,High,Gaowu,TRUE
14-364-4904,43,Male,High,Widowed,Master's,High,GuÃ©ret,TRUE
08-652-2085,48,Male,Middle,Single,Master's,High,PostÅ™ekov,TRUE
67-037-2087,32,Female,High,Divorced,Bachelor's,Middle,Gobojango,FALSE
09-737-8354,37,Female,Middle,Widowed,High School,High,Tandahimba,TRUE
12-417-5609,29,Female,Middle,Widowed,High School,Middle,Iwade,FALSE
25-096-6830,36,Male,High,Divorced,High School,Middle,La Guata,FALSE
91-558-5922,50,Female,High,Married,Master's,High,Saint-Brieuc,TRUE
25-560-4506,31,Bigender,High,Divorced,High School,High,Paya Dapur,FALSE
33-609-0598,29,Female,High,Single,Master's,Middle,Xinzha,FALSE
45-337-1798,26,Male,Middle,Married,Bachelor's,Middle,Al QÄrah,TRUE
34-265-8558,22,Female,High,Single,High School,High,Antipolo,FALSE
67-323-7406,35,Female,High,Married,High School,High,Yuyangguan,FALSE
40-149-8247,23,Male,Middle,Married,Bachelor's,Middle,Qiman,TRUE
37-361-8691,40,Female,High,Married,High School,High,Maguwon,FALSE
17-763-9416,32,Female,High,Single,High School,Middle,Tsibulev,FALSE
56-453-8263,29,Male,Middle,Divorced,Master's,Middle,San Antonio Aguas Calientes,FALSE
19-560-0717,50,Polygender,Middle,Married,High School,High,Pombas,FALSE
40-199-1803,42,Male,High,Single,High School,Middle,Kuâ€˜aydinah,TRUE
09-332-0236,47,Female,Middle,Divorced,Master's,Middle,San Marcos,TRUE
83-982-5300,27,Male,Middle,Married,High School,Middle,Chum Phae,FALSE
46-662-1571,40,Female,Middle,Widowed,Master's,Middle,La Laja,TRUE
20-699-9217,28,Female,High,Married,High School,Middle,San Juan del Cesar,TRUE
26-150-0209,28,Male,Middle,Widowed,High School,Middle,Taiyigong,FALSE
94-985-5336,29,Female,High,Divorced,Bachelor's,High,GÃ¤vle,TRUE
97-715-3606,29,Female,Middle,Widowed,High School,High,Tayabamba,TRUE
02-100-4320,32,Female,High,Single,Master's,High,Majennang,TRUE
16-070-0138,39,Female,High,Single,High School,High,Njeru,TRUE
82-474-5074,22,Male,Middle,Married,Bachelor's,High,Ambatolaona,TRUE
36-444-5336,48,Male,Middle,Divorced,Master's,High,Jianggang,TRUE
54-680-5344,29,Male,Middle,Widowed,Master's,Middle,Langkou,TRUE
16-364-8096,41,Female,High,Married,High School,High,HornÃ­ SuchÃ¡,FALSE
62-644-8183,50,Female,Middle,Married,Master's,High,Haradok,FALSE
59-971-0799,48,Male,Middle,Divorced,Bachelor's,High,Vichuga,FALSE
64-031-2046,29,Female,High,Divorced,Master's,High,Luci,FALSE
87-079-0237,36,Male,High,Single,Bachelor's,Middle,Guolemude,FALSE
78-091-8662,43,Male,High,Divorced,High School,Middle,Prengtale,TRUE
62-720-2922,30,Male,High,Widowed,Bachelor's,High,Cabanas,FALSE
47-528-3961,24,Male,High,Married,Master's,High,FaÄ«áº•ÄbÄd,TRUE
21-808-2293,30,Male,Middle,Divorced,Bachelor's,Middle,Sukumo,FALSE
22-022-9256,37,Female,Middle,Married,Master's,High,Fenglu,FALSE
96-772-7220,40,Male,High,Married,Bachelor's,High,Tanjungbalai,FALSE
25-866-7286,30,Female,Middle,Divorced,Master's,High,Carrefour,FALSE
72-694-4159,39,Female,Middle,Married,Bachelor's,Middle,Tewulike,TRUE
10-079-8237,46,Female,High,Widowed,Master's,High,Hejiang,TRUE
47-460-8015,48,Male,Middle,Divorced,Master's,High,Yaizu,FALSE
06-061-0023,20,Female,High,Widowed,High School,Middle,KembÃ©,FALSE
80-487-2550,34,Male,High,Married,Bachelor's,Middle,Novokayakent,TRUE
23-617-2637,50,Female,Middle,Single,Master's,High,Hekou,TRUE
60-005-5187,25,Male,Middle,Single,High School,High,Bailadores,TRUE
24-371-5870,49,Male,Middle,Single,Bachelor's,High,Masuda,TRUE
02-055-8248,25,Female,High,Divorced,Bachelor's,High,Martanesh,TRUE
54-238-5459,40,Female,High,Widowed,High School,High,Xinzhou,FALSE
85-922-0190,19,Female,High,Widowed,Bachelor's,High,Nanfeng,FALSE
48-271-1908,40,Bigender,High,Single,Bachelor's,High,Oke Ila,TRUE
46-978-3874,22,Female,High,Single,High School,Middle,Rio Pardo,TRUE
53-595-7635,25,Female,High,Divorced,High School,Middle,Pingtang,FALSE
08-185-6608,32,Female,High,Divorced,Master's,Middle,Podbrdo,FALSE
20-562-2569,44,Female,High,Divorced,Bachelor's,High,Aramayuan,FALSE
41-366-4205,50,Female,High,Single,High School,Middle,Paquera,FALSE
77-241-7621,26,Male,High,Married,Bachelor's,High,Warudoyong,TRUE
53-091-2176,21,Female,High,Widowed,Bachelor's,Middle,BÃ©ziers,TRUE
48-203-9118,21,Female,Middle,Single,High School,High,Dongzhou,FALSE
